{
  "project_info": {
    "project_number": "594426034572",
    "firebase_url": "https://diseaseandcure-923b0-default-rtdb.firebaseio.com",
    "project_id": "diseaseandcure-923b0",
    "storage_bucket": "diseaseandcure-923b0.appspot.com"
  },
  "client": [
    {
      "client_info": {
        "mobilesdk_app_id": "1:594426034572:android:2614e4a87ece4244a97ea9",
        "android_client_info": {
          "package_name": "com.example.diseaseandcure"
        }
      },
      "oauth_client": [
        {
          "client_id": "594426034572-jjn2dqbrd11mi5mv0551pvqmeqv6b26i.apps.googleusercontent.com",
          "client_type": 3
        }
      ],
      "api_key": [
        {
          "current_key": "AIzaSyAgv5T3aV-XzlnGT7-wP-5bcxcN0Vuu_pk"
        }
      ],
      "services": {
        "appinvite_service": {
          "other_platform_oauth_client": [
            {
              "client_id": "594426034572-jjn2dqbrd11mi5mv0551pvqmeqv6b26i.apps.googleusercontent.com",
              "client_type": 3
            }
          ]
        }
      }
    }
  ],
  "configuration_version": "1"
}